IDAT,finalGrps,tay2.Subtype,simplifiedGrps
7810920068_R01C01,SHH_1,SHH_beta,SHH_1
7810920071_R03C02,SHH_1,SHH_beta,SHH_1
7973219015_R01C01,SHH_4,SHH_alpha,SHH_4
7810920080_R05C01,SHH_2,SHH_gamma,SHH_2
7810920077_R01C01,SHH_2,SHH_gamma,SHH_2
7970376002_R01C01,NA,SHH_gamma,NA
7970376002_R03C02,SHH_4,SHH_delta,SHH_4
7970376142_R05C01,SHH_1,SHH_beta,SHH_1
7970368139_R05C01,SHH_1,SHH_beta,SHH_1
8942326039_R01C01,SHH_4,SHH_delta,SHH_4
7970368130_R01C01,SHH_1,SHH_gamma,SHH_1
8942351134_R04C01,SHH_4,SHH_delta,SHH_4
7970376154_R01C01,SHH_3B,SHH_alpha,SHH_3
7970376154_R04C02,SHH_1,SHH_gamma,SHH_1
7970376165_R06C01,SHH_3A,SHH_alpha,SHH_3
7973219015_R05C02,SHH_2,SHH_alpha,SHH_2
7973219045_R03C01,SHH_3B,SHH_alpha,SHH_3
7973219045_R05C02,SHH_1,SHH_beta,SHH_1
7973219034_R03C02,SHH_3B,SHH_alpha,SHH_3
7970376154_R03C01,SHH_4,SHH_delta,SHH_4
7970376154_R05C02,SHH_4,SHH_delta,SHH_4
7973219015_R06C02,SHH_4,SHH_delta,SHH_4
7973219040_R05C01,SHH_4,SHH_delta,SHH_4
7970368106_R01C01,SHH_3C,SHH_alpha,SHH_3
7973219058_R06C02,NA,SHH_alpha,NA
8942334031_R06C01,SHH_2,SHH_gamma,SHH_2
7970376154_R04C01,SHH_4,SHH_delta,SHH_4
9341679019_R03C01,SHH_4,SHH_alpha,SHH_4
7973219015_R05C01,SHH_4,SHH_delta,SHH_4
7810920077_R03C01,SHH_4,SHH_delta,SHH_4
7973219058_R05C01,SHH_2,SHH_gamma,SHH_2
7970376142_R01C01,SHH_3A,SHH_alpha,SHH_3
7970376165_R02C01,SHH_3B,SHH_alpha,SHH_3
7973219018_R05C02,SHH_3A,SHH_alpha,SHH_3
7973219058_R01C02,SHH_2,SHH_gamma,SHH_2
7973219050_R06C02,SHH_4,SHH_delta,SHH_4
7973219058_R02C02,SHH_4,SHH_delta,SHH_4
7973201069_R02C01,SHH_4,SHH_delta,SHH_4
7970376154_R02C02,SHH_4,SHH_delta,SHH_4
9326189023_R05C02,SHH_4,SHH_delta,SHH_4
7970376165_R06C02,SHH_4,SHH_delta,SHH_4
7970376123_R03C02,SHH_4,SHH_alpha,SHH_4
7810920097_R01C01,SHH_3A,SHH_alpha,SHH_3
7973219003_R05C01,SHH_2,SHH_gamma,SHH_2
7970376149_R06C01,SHH_4,SHH_delta,SHH_4
7970368068_R06C01,NA,SHH_alpha,NA
7970376085_R04C02,SHH_1,SHH_beta,SHH_1
7970368069_R06C01,SHH_4,SHH_alpha,SHH_4
7973219003_R06C01,SHH_4,SHH_delta,SHH_4
7970368068_R01C02,SHH_3A,SHH_alpha,SHH_3
7970376002_R02C01,SHH_3A,SHH_alpha,SHH_3
7970376118_R03C01,SHH_3C,SHH_alpha,SHH_3
7973219052_R05C01,NA,SHH_beta,NA
7970376001_R06C01,SHH_2,SHH_beta,SHH_2
7810920068_R01C02,SHH_3A,SHH_alpha,SHH_3
7970368045_R02C01,SHH_2,SHH_gamma,SHH_2
7970376149_R02C02,SHH_3A,SHH_alpha,SHH_3
7973219019_R02C01,SHH_1,SHH_beta,SHH_1
7810920080_R03C01,SHH_4,SHH_alpha,SHH_4
7970368124_R06C01,SHH_4,SHH_alpha,SHH_4
7970368003_R05C02,SHH_3C,SHH_alpha,SHH_3
7810920080_R05C02,SHH_2,SHH_gamma,SHH_2
7973219042_R02C01,SHH_3B,SHH_alpha,SHH_3
7970376149_R01C01,SHH_2,SHH_gamma,SHH_2
7970376123_R05C01,SHH_1,SHH_beta,SHH_1
7970368106_R02C01,SHH_1,SHH_beta,SHH_1
7810920068_R02C02,SHH_4,SHH_delta,SHH_4
7973201069_R05C02,SHH_2,SHH_gamma,SHH_2
7973219042_R04C02,SHH_4,SHH_alpha,SHH_4
7973219003_R03C02,SHH_2,SHH_gamma,SHH_2
7973201149_R03C01,SHH_3A,SHH_alpha,SHH_3
8942326025_R06C02,SHH_4,SHH_delta,SHH_4
9326189027newLazer_R05C01,SHH_4,SHH_delta,SHH_4
7973201166_R01C02,SHH_3B,SHH_alpha,SHH_3
7970376123_R06C01,SHH_2,SHH_gamma,SHH_2
7970376085_R06C01,SHH_4,SHH_delta,SHH_4
8942351049_R06C01,SHH_4,SHH_delta,SHH_4
7970376150_R02C01,SHH_4,SHH_delta,SHH_4
8942334031_R06C02,SHH_1,SHH_beta,SHH_1
7970376150_R04C02,SHH_4,SHH_delta,SHH_4
7970376123_R01C02,SHH_4,SHH_delta,SHH_4
7970368068_R03C01,SHH_4,SHH_delta,SHH_4
7970376002_R03C01,SHH_4,SHH_alpha,SHH_4
7973219052_R06C01,SHH_4,SHH_alpha,SHH_4
7970368069_R03C01,SHH_1,SHH_beta,SHH_1
7973201074_R04C01,SHH_4,SHH_delta,SHH_4
7970376149_R06C02,SHH_2,SHH_gamma,SHH_2
7970376123_R02C02,SHH_4,SHH_delta,SHH_4
7973201074_R06C02,SHH_4,SHH_delta,SHH_4
7973219003_R04C01,SHH_3B,SHH_alpha,SHH_3
7970376163_R03C02,SHH_4,SHH_delta,SHH_4
7970376167_R05C01,NA,SHH_alpha,NA
7973219005_R01C02,SHH_4,SHH_alpha,SHH_4
7973219007_R05C02,SHH_2,SHH_gamma,SHH_2
7970368045_R05C02,NA,SHH_alpha,NA
7970376148_R05C02,SHH_4,SHH_delta,SHH_4
7973219008_R01C01,SHH_2,SHH_gamma,SHH_2
7970376148_R05C01,SHH_1,SHH_beta,SHH_1
7970376167_R01C01,SHH_4,SHH_alpha,SHH_4
7973201157_R01C01,SHH_2,SHH_gamma,SHH_2
8942326070_R02C02,SHH_4,SHH_delta,SHH_4
7973219007_R06C01,SHH_1,SHH_beta,SHH_1
7973219034_R03C01,SHH_4,SHH_delta,SHH_4
7970376151_R04C02,SHH_4,SHH_delta,SHH_4
7973219007_R01C02,SHH_1,SHH_beta,SHH_1
7973219040_R01C02,SHH_2,SHH_gamma,SHH_2
7970376148_R01C02,SHH_4,SHH_delta,SHH_4
7970376151_R05C02,NA,SHH_alpha,NA
7970376167_R05C02,SHH_4,SHH_delta,SHH_4
7973219005_R04C01,NA,SHH_gamma,NA
7970376148_R02C02,SHH_2,SHH_gamma,SHH_2
7970376163_R02C02,SHH_2,SHH_gamma,SHH_2
7973201166_R01C01,SHH_1,SHH_beta,SHH_1
7973219042_R05C02,SHH_4,SHH_delta,SHH_4
9344737020_R05C02,SHH_1,SHH_beta,SHH_1
9344737044_R01C02,SHH_1,SHH_gamma,SHH_1
7973219019_R04C01,SHH_1,SHH_beta,SHH_1
7973219019_R06C02,SHH_4,SHH_delta,SHH_4
7973219034_R06C02,SHH_4,SHH_delta,SHH_4
7973219042_R04C01,SHH_2,SHH_gamma,SHH_2
7970376150_R04C01,SHH_1,SHH_beta,SHH_1
7973219034_R05C01,SHH_4,SHH_delta,SHH_4
7973219040_R01C01,SHH_4,SHH_delta,SHH_4
7970368003_R06C01,SHH_4,SHH_delta,SHH_4
7970368130_R04C01,SHH_4,SHH_delta,SHH_4
7973219040_R03C02,SHH_4,SHH_delta,SHH_4
7973219044_R01C01,SHH_4,SHH_delta,SHH_4
7973219044_R03C02,SHH_2,SHH_gamma,SHH_2
7973219044_R02C01,SHH_1,SHH_beta,SHH_1
7973219040_R03C01,SHH_2,SHH_gamma,SHH_2
7973219042_R01C02,SHH_3C,SHH_alpha,SHH_3
7973219020_R04C01,SHH_3B,SHH_alpha,SHH_3
8942334031_R02C02,SHH_1,SHH_beta,SHH_1
7970368045_R04C01,SHH_1,SHH_beta,SHH_1
7970368106_R06C02,SHH_2,SHH_beta,SHH_2
7970376002_R05C01,SHH_4,SHH_delta,SHH_4
8959312036_R01C02,SHH_3A,SHH_delta,SHH_3
7970368139_R01C01,SHH_1,SHH_beta,SHH_1
7970368130_R05C01,SHH_4,SHH_delta,SHH_4
7970368124_R03C02,SHH_1,SHH_beta,SHH_1
9326189050newLazer_R02C01,SHH_3B,SHH_alpha,SHH_3
7970368106_R05C01,SHH_4,SHH_delta,SHH_4
7970368163_R03C02,NA,SHH_alpha,NA
7970376001_R04C02,SHH_3A,SHH_alpha,SHH_3
7970368007_R03C01,SHH_4,SHH_alpha,SHH_4
8942326039_R05C02,SHH_3A,SHH_alpha,SHH_3
7970376001_R05C02,SHH_2,SHH_gamma,SHH_2
7970368045_R01C02,SHH_2,SHH_gamma,SHH_2
7970368163_R05C02,SHH_3A,SHH_alpha,SHH_3
7973201143_R04C01,SHH_3A,SHH_alpha,SHH_3
7973201149_R02C02,SHH_4,SHH_delta,SHH_4
9326189027newLazer_R06C01,SHH_3A,SHH_alpha,SHH_3
8942326070_R05C01,SHH_2,SHH_gamma,SHH_2
8942351049_R06C02,SHH_1,SHH_beta,SHH_1
8942351049_R02C01,SHH_4,SHH_alpha,SHH_4
8942326025_R05C02,SHH_1,SHH_beta,SHH_1
8942334031_R05C02,SHH_4,SHH_delta,SHH_4
8959312036_R06C01,SHH_3B,SHH_alpha,SHH_3
8942326054_R06C01,SHH_3A,SHH_alpha,SHH_3
9326189054newLazer_R03C01,SHH_2,SHH_gamma,SHH_2
9326189027newLazer_R02C02,SHH_3C,SHH_alpha,SHH_3
8942351134_R01C02,SHH_4,SHH_delta,SHH_4
8942334031_R02C01,SHH_4,SHH_delta,SHH_4
8942334031_R04C02,SHH_4,SHH_delta,SHH_4
8942326025_R03C01,SHH_3B,SHH_alpha,SHH_3
8942326070_R04C02,SHH_4,SHH_delta,SHH_4
8942326039_R06C01,NA,SHH_alpha,NA
8942326054_R04C01,SHH_2,SHH_gamma,SHH_2
8942351049_R01C02,NA,SHH_gamma,NA
9326189009newLazer_R06C01,SHH_1,SHH_beta,SHH_1
9326189050newLazer_R02C02,NA,SHH_gamma,NA
9344737005_R05C01,SHH_2,SHH_gamma,SHH_2
9305651233newLazer_R02C02,SHH_4,SHH_alpha,SHH_4
9326189024newLazer_R02C02,SHH_4,SHH_delta,SHH_4
9326189057_R02C02,SHH_3A,SHH_alpha,SHH_3
9326189001newLazer_R05C01,SHH_3C,SHH_alpha,SHH_3
9326189057_R03C02,SHH_4,SHH_delta,SHH_4
9326189057_R04C02,SHH_4,SHH_delta,SHH_4
9326189025newLazer_R03C01,SHH_2,SHH_gamma,SHH_2
9326189024newLazer_R05C02,SHH_2,SHH_gamma,SHH_2
9326189057_R03C01,SHH_4,SHH_delta,SHH_4
9341679018newLazer_R02C02,SHH_4,SHH_alpha,SHH_4
9326189024newLazer_R04C01,SHH_4,SHH_delta,SHH_4
9344737044_R03C02,SHH_4,SHH_delta,SHH_4
9344737104_R05C02,SHH_4,SHH_alpha,SHH_4
9344737073_R03C01,SHH_1,SHH_gamma,SHH_1
9326189010newLazer_R01C02,SHH_3A,SHH_alpha,SHH_3
9305651213newLazer_R03C01,SHH_4,SHH_alpha,SHH_4
9305651213newLazer_R05C02,SHH_1,SHH_beta,SHH_1
9344737044_R06C02,SHH_1,SHH_gamma,SHH_1
9344737034_R05C01,SHH_4,SHH_delta,SHH_4
9323071050_R06C01,SHH_4,SHH_delta,SHH_4
9323071026_R02C01,SHH_4,SHH_delta,SHH_4
9323071026_R04C02,SHH_4,SHH_alpha,SHH_4
9344737034_R06C01,SHH_4,SHH_delta,SHH_4
9323071058_R05C02,SHH_4,SHH_delta,SHH_4
9323071066_R03C01,SHH_1,SHH_beta,SHH_1
9323071066_R05C02,SHH_4,SHH_gamma,SHH_4
9323071003_R03C02,SHH_4,SHH_gamma,SHH_4
9323071026_R05C01,SHH_4,SHH_delta,SHH_4
9344737034_R01C01,SHH_4,SHH_delta,SHH_4
9323071069_R02C01,SHH_2,SHH_gamma,SHH_2
9344737034_R04C02,SHH_4,SHH_delta,SHH_4
9323071058_R01C02,SHH_4,SHH_delta,SHH_4